{
	"id": "0ca53199-f4ab-2354-c952-26ec637c7b55",
	"name": "metaverse",
	"description": "",
	"order": [
		"ee96d9aa-5a05-b147-ec64-8bbd2181e791",
		"ab1fe0b1-35ba-5572-6826-0af11c1a981d",
		"0da25af1-313b-d2ef-a2f5-60f0bac9eb6a",
		"662018fd-e6dc-c5fb-b291-104453db3fd7",
		"6891d8b9-8b4d-55d4-cfcf-81109b149647",
		"c1f08e9a-42b1-cc6a-6509-778da495ce53",
		"f6620d4a-5532-ee32-21ed-d26d34cf4af2",
		"f6590226-d577-3f69-c15c-cb6479477bbc",
		"3daeafef-3d56-a591-1bf5-fb74cbe47ca7",
		"f7af43d9-ab34-4c74-2c78-63591c7f380a",
		"c4991c4b-588d-f61a-5cba-ac22863bd1c6",
		"62e035ee-f2ae-5148-482e-fac5143bb722",
		"3b1bd190-8a4f-31a1-4f48-41158bd9aabf",
		"0d6a048f-732f-c31b-b443-c085efebf9e8",
		"e0910e75-09d0-67a5-fba4-f65a74d19abd",
		"35ade6f2-28b7-0622-9174-436cf73aafa5",
		"7d9c41a2-fdc6-c352-587a-6b35f7bf6c09",
		"423f4389-e97e-8b48-12fd-945668d76a01",
		"800ab45c-ee36-b03c-5099-2864f8fb4a05",
		"9154377e-1b54-f2fb-ebc5-44a6988cb4b1",
		"3cac6703-07a0-e179-53da-a0c5eacd48c3",
		"40873a64-79f2-3fec-4f1b-0732585cbcd8",
		"4c1785b8-d7b6-f91a-b3ee-0ee77f6ed7ed",
		"d7092ae2-9682-16d8-a179-d763267b63ca",
		"20aea053-53f8-faa4-525b-222505d7c47c",
		"6473b0cf-c9f2-82c9-bcf8-497eb01c14ae",
		"b593d125-3903-58d2-dad7-a8a9b88b6539",
		"3e506f9d-b42f-067f-ac25-b2d14050970a",
		"4bc2e055-2411-7d0c-9989-00da4c4bef94",
		"a0c21f70-5e81-a964-3a36-eb5cc62f1694",
		"21965234-2dcf-7b04-5d84-7f1ea0b39ded",
		"073ed7a1-c8ef-01af-44c7-502a3a9c1389",
		"9cef74ea-30de-c63b-98d9-2ac994d9e9d1",
		"3e05c313-138e-1dcd-27b8-886fe4ba02f1",
		"5c5af16d-6fe5-edd7-d97d-f5aa85af58a7",
		"600de51d-87b6-f472-990d-7b131d9ad9a8",
		"7b546328-6976-b85c-87ba-f6d9b59897e7",
		"535adc45-9302-ee1c-3faf-0d345470cc2d",
		"da38f9c8-68a7-d893-9154-6591a36359e0",
		"17a20620-2795-9b7c-8685-0ec6ebdc3991",
		"c0009905-2c97-a9b1-c99f-84260672e0dd",
		"69ea739c-2955-addc-186e-21de310e100a",
		"4d27f2e9-5300-12ef-9ce2-ed40027044fc",
		"cb817a38-dcb0-a8ba-2c92-d7c34f9db863",
		"3acd0780-66d9-2612-6a3b-bdfe912b2884",
		"65967903-6477-fc4a-82c9-36c76d9ff11d",
		"6bbb15cd-8821-82c2-e8f4-fbc435a44aa2",
		"f7a3fc03-422d-e8dd-cda1-3584070e8c39",
		"f6cdcc41-f1ea-3ce0-fe3f-643f64bf8bfd",
		"2f82fea8-3209-0d48-0c1d-8f43412728a3",
		"0e2431fe-9adc-7c41-bd9a-dd6efd04c92c",
		"1b51a337-5f2e-882c-5a45-130dbe627ab1",
		"4dc78047-e2c0-96bc-14f4-fe42b0400bac",
		"90dd561d-833a-5671-5c24-5d5d5a5258ba",
		"3d6d9eee-456d-ae26-d7eb-d8a7b92910fd",
		"ea264919-abb0-8ca5-9ad2-0e21c6d2502a",
		"e97dfcdf-b0ca-1f4e-87a9-2db4f40be3c7",
		"a41e49de-9a6b-d1cf-18b2-106e0da3104b",
		"61ad7e8b-f5be-d72f-9af2-c34e58d4a66a",
		"4ef52d75-9119-f934-0c40-304eebba2ac5",
		"ca34e455-7e32-7ac0-94e2-86af3dd8ad58",
		"acbb726a-ac2f-274c-ff20-035410d2d018",
		"4999a004-e4b3-ce1f-0bea-31605168b3aa",
		"40b4c14a-b3e4-3dd8-b431-88eea2d903ee",
		"74bed10a-e6d5-a484-b9ed-9dffa8068aac",
		"73342322-ede8-f1aa-3ae2-8b60cbc4d73b",
		"e5517580-c8f7-99f6-7f86-c7cbe70777a1",
		"9376dbd8-73f0-5181-ad11-035d26d48b8b",
		"0e78f501-2bdb-3255-c0a6-954cba5168ed",
		"8d12b5d5-66d7-9c41-29a6-e02b9cb56852",
		"7405ddc6-1d17-9045-5b45-4cf4cf448a97",
		"5b35ba0d-786b-d1ab-0257-7c965ccf46d4",
		"75f85ab7-0a39-75a0-7779-a20f0d5d01c3",
		"8d36557c-4fc5-d52e-afdc-45537ae71ef6",
		"77547353-4ed7-7dbc-5705-915fcf0b3999",
		"d1fd873f-def1-d596-9284-ce738bb22ca6",
		"4f840d7b-dedc-842b-2de9-903116251b61",
		"021512ef-ec59-27f4-31f2-8ce7c522312c",
		"d78d0d64-8fb4-884a-8df7-910dc0a72951",
		"ed7fea2a-4c20-cdb9-d962-da12a567616e",
		"810b5f21-fdf3-2608-a275-d3f1d9db552d",
		"f056a381-f152-98cf-0974-bd13c52b1912",
		"38965679-7db7-9ffc-11ad-36eb70f1a39e"
	],
	"folders": [],
	"folders_order": [],
	"timestamp": 1639196947998,
	"owner": "3065371",
	"public": false,
	"requests": [
		{
			"id": "021512ef-ec59-27f4-31f2-8ce7c522312c",
			"headers": "Content-Type: application/json\n",
			"headerData": [
				{
					"key": "Content-Type",
					"value": "application/json",
					"description": "",
					"enabled": true
				}
			],
			"url": "{{metaverse}}/updatemetaverse_smachup",
			"queryParams": [],
			"preRequestScript": null,
			"pathVariables": {},
			"pathVariableData": [],
			"method": "POST",
			"data": [],
			"dataMode": "raw",
			"tests": null,
			"currentHelper": "normal",
			"helperAttributes": {},
			"time": 1649818330204,
			"name": "updatemetaverse_smachup",
			"description": "",
			"collectionId": "0ca53199-f4ab-2354-c952-26ec637c7b55",
			"responses": [],
			"rawModeData": "{\r\n    \"id\": 2,\r\n    \"video_url\": \"dss\",\r\n    \"auto_comment\": \"\",\r\n    \"post_type\": \"\",\r\n    \"description\": \"\",\r\n    \"title\": \"\",\r\n    \"timestemp\": \"\",\r\n    \"username\": \"\",\r\n    \"profile_pic\": \"\",\r\n    \"feeling_url\": \"\",\r\n    \"like_count\": \"\",\r\n    \"comment_count\": \"\",\r\n    \"views_count\": \"\",\r\n    \"share_count\": \"\",\r\n    \"exclude_user\": \"\",\r\n    \"isAds\": \"\",\r\n    \"avatar_url\": \"\"\r\n}"
		},
		{
			"id": "073ed7a1-c8ef-01af-44c7-502a3a9c1389",
			"headers": "Content-Type: application/json\n",
			"headerData": [
				{
					"key": "Content-Type",
					"value": "application/json",
					"description": "",
					"enabled": true
				}
			],
			"url": "{{metaverse}}/deletemetaverse_land_shop?id=1",
			"queryParams": [
				{
					"key": "id",
					"value": "1",
					"equals": true,
					"description": "",
					"enabled": true
				}
			],
			"preRequestScript": null,
			"pathVariables": {},
			"pathVariableData": [],
			"method": "GET",
			"data": [],
			"dataMode": "raw",
			"tests": null,
			"currentHelper": "normal",
			"helperAttributes": {},
			"time": 1649518998202,
			"name": "deletemetaverse_land_shop",
			"description": "",
			"collectionId": "0ca53199-f4ab-2354-c952-26ec637c7b55",
			"responses": [],
			"rawModeData": "{\n\t\"image\":\"ee\"\n}"
		},
		{
			"id": "0d6a048f-732f-c31b-b443-c085efebf9e8",
			"headers": "Content-Type: application/json\n",
			"headerData": [
				{
					"key": "Content-Type",
					"value": "application/json",
					"description": "",
					"enabled": true
				}
			],
			"url": "{{metaverse}}/addcategory",
			"queryParams": [],
			"preRequestScript": null,
			"pathVariables": {},
			"pathVariableData": [],
			"method": "POST",
			"data": [],
			"dataMode": "raw",
			"tests": null,
			"currentHelper": "normal",
			"helperAttributes": {},
			"time": 1649522502295,
			"name": "addcategory",
			"description": "",
			"collectionId": "0ca53199-f4ab-2354-c952-26ec637c7b55",
			"responses": [],
			"rawModeData": "{\n\t\"category\":\"category1\",\n\t\"image\":\"\"\n}"
		},
		{
			"id": "0da25af1-313b-d2ef-a2f5-60f0bac9eb6a",
			"headers": "Content-Type: application/json\n",
			"headerData": [
				{
					"key": "Content-Type",
					"value": "application/json",
					"description": "",
					"enabled": true
				}
			],
			"url": "{{metaverse}}/login",
			"queryParams": [],
			"preRequestScript": null,
			"pathVariables": {},
			"pathVariableData": [],
			"method": "POST",
			"data": [],
			"dataMode": "raw",
			"version": 2,
			"tests": null,
			"currentHelper": "normal",
			"helperAttributes": {},
			"time": 1649344229477,
			"name": "login",
			"description": "",
			"collectionId": "0ca53199-f4ab-2354-c952-26ec637c7b55",
			"responses": [],
			"rawModeData": "{\n\t\"username\":\"test@gmail.com\",\n\t\"password\":12345\n}"
		},
		{
			"id": "0e2431fe-9adc-7c41-bd9a-dd6efd04c92c",
			"headers": "Content-Type: application/json\n",
			"headerData": [
				{
					"key": "Content-Type",
					"value": "application/json",
					"description": "",
					"enabled": true
				}
			],
			"url": "{{metaverse}}/updatemetaverse_shop",
			"queryParams": [],
			"preRequestScript": null,
			"pathVariables": {},
			"pathVariableData": [],
			"method": "POST",
			"data": [],
			"dataMode": "raw",
			"tests": null,
			"currentHelper": "normal",
			"helperAttributes": {},
			"time": 1649523097780,
			"name": "updatemetaverse_shop",
			"description": "",
			"collectionId": "0ca53199-f4ab-2354-c952-26ec637c7b55",
			"responses": [],
			"rawModeData": " {\n \t\"id\":1,\n \"shop_3d_url\":\"ss\",\n \"name\":\"sss\",\n \"location\":\"\",\n \"category\":\"\",\n \"idAds\":0\n }"
		},
		{
			"id": "0e78f501-2bdb-3255-c0a6-954cba5168ed",
			"headers": "Content-Type: application/json\n",
			"headerData": [
				{
					"key": "Content-Type",
					"value": "application/json",
					"description": "",
					"enabled": true
				}
			],
			"url": "{{metaverse}}/getsmachup",
			"queryParams": [],
			"preRequestScript": null,
			"pathVariables": {},
			"pathVariableData": [],
			"method": "GET",
			"data": [],
			"dataMode": "raw",
			"tests": null,
			"currentHelper": "normal",
			"helperAttributes": {},
			"time": 1649816289991,
			"name": "getsmachup",
			"description": "",
			"collectionId": "0ca53199-f4ab-2354-c952-26ec637c7b55",
			"responses": [],
			"rawModeData": ""
		},
		{
			"id": "17a20620-2795-9b7c-8685-0ec6ebdc3991",
			"headers": "Content-Type: application/json\n",
			"headerData": [
				{
					"key": "Content-Type",
					"value": "application/json",
					"description": "",
					"enabled": true
				}
			],
			"url": "{{metaverse}}/deletegrocery_products?id=1",
			"queryParams": [
				{
					"key": "id",
					"value": "1",
					"equals": true,
					"description": "",
					"enabled": true
				}
			],
			"preRequestScript": null,
			"pathVariables": {},
			"pathVariableData": [],
			"method": "GET",
			"data": [],
			"dataMode": "raw",
			"tests": null,
			"currentHelper": "normal",
			"helperAttributes": {},
			"time": 1649520346995,
			"name": "deletegrocery_products",
			"description": "",
			"collectionId": "0ca53199-f4ab-2354-c952-26ec637c7b55",
			"responses": [],
			"rawModeData": ""
		},
		{
			"id": "1b51a337-5f2e-882c-5a45-130dbe627ab1",
			"headers": "Content-Type: application/json\n",
			"headerData": [
				{
					"key": "Content-Type",
					"value": "application/json",
					"description": "",
					"enabled": true
				}
			],
			"url": "{{metaverse}}/deletemetaverse_shop?id=1",
			"queryParams": [
				{
					"key": "id",
					"value": "1",
					"equals": true,
					"description": "",
					"enabled": true
				}
			],
			"preRequestScript": null,
			"pathVariables": {},
			"pathVariableData": [],
			"method": "GET",
			"data": [],
			"dataMode": "raw",
			"tests": null,
			"currentHelper": "normal",
			"helperAttributes": {},
			"time": 1649523117567,
			"name": "deletemetaverse_shop",
			"description": "",
			"collectionId": "0ca53199-f4ab-2354-c952-26ec637c7b55",
			"responses": [],
			"rawModeData": ""
		},
		{
			"id": "20aea053-53f8-faa4-525b-222505d7c47c",
			"headers": "Content-Type: application/json\n",
			"headerData": [
				{
					"key": "Content-Type",
					"value": "application/json",
					"description": "",
					"enabled": true
				}
			],
			"url": "{{metaverse}}/getshop_rent_item?isRent=0&search=",
			"queryParams": [
				{
					"key": "isRent",
					"value": "0",
					"equals": true,
					"description": "",
					"enabled": true
				},
				{
					"key": "search",
					"value": "",
					"equals": true,
					"description": "",
					"enabled": true
				}
			],
			"preRequestScript": null,
			"pathVariables": {},
			"pathVariableData": [],
			"method": "GET",
			"data": [],
			"dataMode": "raw",
			"tests": null,
			"currentHelper": "normal",
			"helperAttributes": {},
			"time": 1649780121296,
			"name": "getshop_rent_items",
			"description": "",
			"collectionId": "0ca53199-f4ab-2354-c952-26ec637c7b55",
			"responses": [],
			"rawModeData": "{\n\t\"image\":\"ee\"\n}"
		},
		{
			"id": "21965234-2dcf-7b04-5d84-7f1ea0b39ded",
			"headers": "Content-Type: application/json\n",
			"headerData": [
				{
					"key": "Content-Type",
					"value": "application/json",
					"description": "",
					"enabled": true
				}
			],
			"url": "{{metaverse}}/updatemetaverse_land_shop",
			"queryParams": [],
			"preRequestScript": null,
			"pathVariables": {},
			"pathVariableData": [],
			"method": "POST",
			"data": [],
			"dataMode": "raw",
			"tests": null,
			"currentHelper": "normal",
			"helperAttributes": {},
			"time": 1649817356451,
			"name": "updatemetaverse_land_shop",
			"description": "",
			"collectionId": "0ca53199-f4ab-2354-c952-26ec637c7b55",
			"responses": [],
			"rawModeData": "{\r\n    \"id\": \"1\",\r\n    \"image_url\": \"1111111\",\r\n    \"name\": \"\",\r\n    \"locations\": \"\",\r\n    \"size\": \"\",\r\n    \"buying_price\": \"\",\r\n    \"idAds\": \"\",\r\n    \"Keywords\": \"\",\r\n    \"sellerorgin\": \"\",\r\n    \"sellerprofilename\": \"\",\r\n    \"manufacturer_by\": \"\",\r\n    \"importedby\": \"\",\r\n    \"packedby\": \"\",\r\n    \"generic_name\": \"\",\r\n    \"local_delivery_charges\": \"\",\r\n    \"zonal_delivery\": \"\"\r\n}"
		},
		{
			"id": "2f82fea8-3209-0d48-0c1d-8f43412728a3",
			"headers": "Content-Type: application/json\n",
			"headerData": [
				{
					"key": "Content-Type",
					"value": "application/json",
					"description": "",
					"enabled": true
				}
			],
			"url": "{{metaverse}}/addmetaverse_shop",
			"queryParams": [],
			"preRequestScript": null,
			"pathVariables": {},
			"pathVariableData": [],
			"method": "POST",
			"data": [],
			"dataMode": "raw",
			"tests": null,
			"currentHelper": "normal",
			"helperAttributes": {},
			"time": 1649523052542,
			"name": "addmetaverse_shop",
			"description": "",
			"collectionId": "0ca53199-f4ab-2354-c952-26ec637c7b55",
			"responses": [],
			"rawModeData": " {\n \t\n \"shop_3d_url\":\"ss\",\n \"name\":\"sss\",\n \"location\":\"\",\n \"category\":\"\",\n \"idAds\":0\n }"
		},
		{
			"id": "35ade6f2-28b7-0622-9174-436cf73aafa5",
			"headers": "Content-Type: application/json\n",
			"headerData": [
				{
					"key": "Content-Type",
					"value": "application/json",
					"description": "",
					"enabled": true
				}
			],
			"url": "{{metaverse}}/deletecategory?id=1",
			"queryParams": [
				{
					"key": "id",
					"value": "1",
					"equals": true,
					"description": "",
					"enabled": true
				}
			],
			"preRequestScript": null,
			"pathVariables": {},
			"pathVariableData": [],
			"method": "GET",
			"data": [],
			"dataMode": "raw",
			"tests": null,
			"currentHelper": "normal",
			"helperAttributes": {},
			"time": 1649491844838,
			"name": "deletecategory",
			"description": "",
			"collectionId": "0ca53199-f4ab-2354-c952-26ec637c7b55",
			"responses": [],
			"rawModeData": "{\n\t\"image\":\"ee\"\n}"
		},
		{
			"id": "38965679-7db7-9ffc-11ad-36eb70f1a39e",
			"headers": "Content-Type: application/json\n",
			"headerData": [
				{
					"key": "Content-Type",
					"value": "application/json",
					"description": "",
					"enabled": true
				}
			],
			"url": "{{metaverse}}/deletemetaverse_thing_shop?id=1",
			"queryParams": [
				{
					"key": "id",
					"value": "1",
					"equals": true,
					"description": "",
					"enabled": true
				}
			],
			"preRequestScript": null,
			"pathVariables": {},
			"pathVariableData": [],
			"method": "GET",
			"data": [],
			"dataMode": "raw",
			"tests": null,
			"currentHelper": "normal",
			"helperAttributes": {},
			"time": 1649818643517,
			"name": "deletemetaverse_thing_shop",
			"description": "",
			"collectionId": "0ca53199-f4ab-2354-c952-26ec637c7b55",
			"responses": [],
			"rawModeData": ""
		},
		{
			"id": "3acd0780-66d9-2612-6a3b-bdfe912b2884",
			"headers": "Content-Type: application/json\n",
			"headerData": [
				{
					"key": "Content-Type",
					"value": "application/json",
					"description": "",
					"enabled": true
				}
			],
			"url": "{{metaverse}}/getmovies",
			"queryParams": [],
			"preRequestScript": null,
			"pathVariables": {},
			"pathVariableData": [],
			"method": "GET",
			"data": [],
			"dataMode": "raw",
			"tests": null,
			"currentHelper": "normal",
			"helperAttributes": {},
			"time": 1649521753479,
			"name": "getmovies",
			"description": "",
			"collectionId": "0ca53199-f4ab-2354-c952-26ec637c7b55",
			"responses": [],
			"rawModeData": ""
		},
		{
			"id": "3b1bd190-8a4f-31a1-4f48-41158bd9aabf",
			"headers": "Content-Type: application/json\n",
			"headerData": [
				{
					"key": "Content-Type",
					"value": "application/json",
					"description": "",
					"enabled": true
				}
			],
			"url": "{{metaverse}}/getcategory",
			"queryParams": [],
			"preRequestScript": null,
			"pathVariables": {},
			"pathVariableData": [],
			"method": "GET",
			"data": [],
			"dataMode": "raw",
			"tests": null,
			"currentHelper": "normal",
			"helperAttributes": {},
			"time": 1649491595423,
			"name": "getcategory",
			"description": "",
			"collectionId": "0ca53199-f4ab-2354-c952-26ec637c7b55",
			"responses": [],
			"rawModeData": "{\n\t\n}"
		},
		{
			"id": "3cac6703-07a0-e179-53da-a0c5eacd48c3",
			"headers": "Content-Type: application/json\n",
			"headerData": [
				{
					"key": "Content-Type",
					"value": "application/json",
					"description": "",
					"enabled": true
				}
			],
			"url": "{{metaverse}}/getshops?isAds=0&isRent=0&search=",
			"queryParams": [
				{
					"key": "isAds",
					"value": "0",
					"equals": true,
					"description": "",
					"enabled": true
				},
				{
					"key": "isRent",
					"value": "0",
					"equals": true,
					"description": "",
					"enabled": true
				},
				{
					"key": "search",
					"value": "",
					"equals": true,
					"description": "",
					"enabled": true
				}
			],
			"preRequestScript": null,
			"pathVariables": {},
			"pathVariableData": [],
			"method": "GET",
			"data": [],
			"dataMode": "raw",
			"tests": null,
			"currentHelper": "normal",
			"helperAttributes": {},
			"time": 1649777826112,
			"name": "getshops",
			"description": "",
			"collectionId": "0ca53199-f4ab-2354-c952-26ec637c7b55",
			"responses": [],
			"rawModeData": "{\n\t\"image\":\"ee\"\n}"
		},
		{
			"id": "3d6d9eee-456d-ae26-d7eb-d8a7b92910fd",
			"headers": "Content-Type: application/json\n",
			"headerData": [
				{
					"key": "Content-Type",
					"value": "application/json",
					"description": "",
					"enabled": true
				}
			],
			"url": "{{metaverse}}/updatecategory_grocery_shop",
			"queryParams": [],
			"preRequestScript": null,
			"pathVariables": {},
			"pathVariableData": [],
			"method": "POST",
			"data": [],
			"dataMode": "raw",
			"tests": null,
			"currentHelper": "normal",
			"helperAttributes": {},
			"time": 1649609969305,
			"name": "updatecategory_grocery_shop",
			"description": "",
			"collectionId": "0ca53199-f4ab-2354-c952-26ec637c7b55",
			"responses": [],
			"rawModeData": " {\r\n \t\"id\":1,\r\n    \"name\": \"\",\r\n    \"description\": \"\",\r\n    \"mrp\": \"\",\r\n    \"product_count\": \"\",\r\n    \"seeling_prise\": \"\",\r\n    \"rating\": \"\",\r\n    \"modle_3d\": \"\",\r\n    \"off_percentage\": \"\",\r\n}"
		},
		{
			"id": "3daeafef-3d56-a591-1bf5-fb74cbe47ca7",
			"headers": "Content-Type: application/json\n",
			"headerData": [
				{
					"key": "Content-Type",
					"value": "application/json",
					"description": "",
					"enabled": true
				}
			],
			"url": "{{metaverse}}/getfeeling_image",
			"queryParams": [],
			"preRequestScript": null,
			"pathVariables": {},
			"pathVariableData": [],
			"method": "GET",
			"data": [],
			"dataMode": "raw",
			"tests": null,
			"currentHelper": "normal",
			"helperAttributes": {},
			"time": 1649490903914,
			"name": "getfeeling_image",
			"description": "",
			"collectionId": "0ca53199-f4ab-2354-c952-26ec637c7b55",
			"responses": [],
			"rawModeData": "{\n\t\n}"
		},
		{
			"id": "3e05c313-138e-1dcd-27b8-886fe4ba02f1",
			"headers": "Content-Type: application/json\n",
			"headerData": [
				{
					"key": "Content-Type",
					"value": "application/json",
					"description": "",
					"enabled": true
				}
			],
			"url": "{{metaverse}}/addmetaverse_token_shop",
			"queryParams": [],
			"preRequestScript": null,
			"pathVariables": {},
			"pathVariableData": [],
			"method": "POST",
			"data": [],
			"dataMode": "raw",
			"tests": null,
			"currentHelper": "normal",
			"helperAttributes": {},
			"time": 1649819060302,
			"name": "addmetaverse_token_shop",
			"description": "",
			"collectionId": "0ca53199-f4ab-2354-c952-26ec637c7b55",
			"responses": [],
			"rawModeData": " {\n            \n    \"image\": \"erw\",\n    \"name\": \"nn\",\n    \"token_type\": \"tt\",\n    \"token_location\": \"jh\",\n    \"token_price\": 0.1,\n    \"timestemp\": \"2022-04-09T15:56:56.000Z\",\n    \"isAds\": 0,\n    \"international_delivery_charges\": null,\n    \"Keywords\": null,\n    \"sellerorgin\": null,\n    \"sellerprofilrname\": null,\n    \"manufacturerby\": null,\n    \"importedby\": null,\n    \"packedby\": null,\n    \"genricname\": null,\n    \"video\": null,\n    \"local_delivery_charges\": null,\n    \"zonal_delivery\": null,\n    \"national_delivery_charges\": null\n}"
		},
		{
			"id": "3e506f9d-b42f-067f-ac25-b2d14050970a",
			"headers": "Content-Type: application/json\n",
			"headerData": [
				{
					"key": "Content-Type",
					"value": "application/json",
					"description": "",
					"enabled": true
				}
			],
			"url": "{{metaverse}}/deleteshop_rent_item?id=1",
			"queryParams": [
				{
					"key": "id",
					"value": "1",
					"equals": true,
					"description": "",
					"enabled": true
				}
			],
			"preRequestScript": null,
			"pathVariables": {},
			"pathVariableData": [],
			"method": "GET",
			"data": [],
			"dataMode": "raw",
			"tests": null,
			"currentHelper": "normal",
			"helperAttributes": {},
			"time": 1649608690009,
			"name": "deleteshop_rent_item",
			"description": "",
			"collectionId": "0ca53199-f4ab-2354-c952-26ec637c7b55",
			"responses": [],
			"rawModeData": "{\n\t\"image\":\"ee\"\n}"
		},
		{
			"id": "40873a64-79f2-3fec-4f1b-0732585cbcd8",
			"headers": "Content-Type: application/json\n",
			"headerData": [
				{
					"key": "Content-Type",
					"value": "application/json",
					"description": "",
					"enabled": true
				}
			],
			"url": "{{metaverse}}/addshop",
			"queryParams": [],
			"preRequestScript": null,
			"pathVariables": {},
			"pathVariableData": [],
			"method": "POST",
			"data": [],
			"dataMode": "raw",
			"tests": null,
			"currentHelper": "normal",
			"helperAttributes": {},
			"time": 1649777908671,
			"name": "addshop",
			"description": "",
			"collectionId": "0ca53199-f4ab-2354-c952-26ec637c7b55",
			"responses": [],
			"rawModeData": "  {\r\n            \"id\": \"\",\r\n            \"category_id\": \"\",\r\n            \"name\": \"\",\r\n            \"off_percentage\": \"\",\r\n            \"shop_count\": \"\",\r\n            \"remaining_shop_count\": \"\",\r\n            \"descripting\": \"\",\r\n            \"mrp\": \"\",\r\n            \"selling_price\": \"\",\r\n            \"icon_image\": \"\",\r\n            \"reating\": \"\",\r\n            \"isAds\": \"\",\r\n            \"isRent\": \"\",\r\n            \"time_of_rent\": \"\",\r\n            \"timestemp\": \"\",\r\n            \"images\": \"\",\r\n            \"Keywords\": \"\",\r\n            \"sellerorgin\": \"\",\r\n            \"sellerprofilrname\": \"\",\r\n            \"manufacturerby\": \"\",\r\n            \"importedby\": \"\",\r\n            \"packedby\": \"\",\r\n            \"genricname\": \"\",\r\n            \"video\": \"\",\r\n            \"local_delivery_charges\": \"\",\r\n            \"zonal_delivery\": \"\",\r\n            \"national_delivery_charges\": \"\",\r\n            \"international_delivery_charges\": \"\"\r\n        }"
		},
		{
			"id": "40b4c14a-b3e4-3dd8-b431-88eea2d903ee",
			"headers": "Content-Type: application/json\n",
			"headerData": [
				{
					"key": "Content-Type",
					"value": "application/json",
					"description": "",
					"enabled": true
				}
			],
			"url": "{{metaverse}}/deletebuy_rent?id=1",
			"queryParams": [
				{
					"key": "id",
					"value": "1",
					"equals": true,
					"description": "",
					"enabled": true
				}
			],
			"preRequestScript": null,
			"pathVariables": {},
			"pathVariableData": [],
			"method": "GET",
			"data": [],
			"dataMode": "raw",
			"tests": null,
			"currentHelper": "normal",
			"helperAttributes": {},
			"time": 1649694852921,
			"name": "deletebuy_rent",
			"description": "",
			"collectionId": "0ca53199-f4ab-2354-c952-26ec637c7b55",
			"responses": [],
			"rawModeData": ""
		},
		{
			"id": "423f4389-e97e-8b48-12fd-945668d76a01",
			"headers": "Content-Type: application/json\n",
			"headerData": [
				{
					"key": "Content-Type",
					"value": "application/json",
					"description": "",
					"enabled": true
				}
			],
			"url": "{{metaverse}}/addcategory_grocery_shop",
			"queryParams": [],
			"preRequestScript": null,
			"pathVariables": {},
			"pathVariableData": [],
			"method": "POST",
			"data": [],
			"dataMode": "raw",
			"tests": null,
			"currentHelper": "normal",
			"helperAttributes": {},
			"time": 1649609047302,
			"name": "addcategory_grocery_shop",
			"description": "",
			"collectionId": "0ca53199-f4ab-2354-c952-26ec637c7b55",
			"responses": [],
			"rawModeData": "{\n\t\"category\":\"category1\",\n\t\"image\":\"\"\n}"
		},
		{
			"id": "4999a004-e4b3-ce1f-0bea-31605168b3aa",
			"headers": "Content-Type: application/json\n",
			"headerData": [
				{
					"key": "Content-Type",
					"value": "application/json",
					"description": "",
					"enabled": true
				}
			],
			"url": "{{metaverse}}/updatebuy_rent",
			"queryParams": [],
			"preRequestScript": null,
			"pathVariables": {},
			"pathVariableData": [],
			"method": "POST",
			"data": [],
			"dataMode": "raw",
			"tests": null,
			"currentHelper": "normal",
			"helperAttributes": {},
			"time": 1649781961109,
			"name": "updatebuy_rent",
			"description": "",
			"collectionId": "0ca53199-f4ab-2354-c952-26ec637c7b55",
			"responses": [],
			"rawModeData": "{\r\n    \"id\": \"2\",\r\n    \"user_id\": \"2\",\r\n    \"item_type\": \"\",\r\n    \"item_id\": \"\",\r\n    \"mrp\": \"\",\r\n    \"buy_price\": \"\",\r\n    \"description\": \"\",\r\n    \"comment\": \"\",\r\n    \"time_of_rent\": \"\",\r\n    \"timestamp\": \"\",\r\n    \"time_of_rent_unit\": \"\"\r\n}"
		},
		{
			"id": "4bc2e055-2411-7d0c-9989-00da4c4bef94",
			"headers": "Content-Type: application/json\n",
			"headerData": [
				{
					"key": "Content-Type",
					"value": "application/json",
					"description": "",
					"enabled": true
				}
			],
			"url": "{{metaverse}}/getmetaverse_land_shop?isRent=1&search=",
			"queryParams": [
				{
					"key": "isRent",
					"value": "1",
					"equals": true,
					"description": "",
					"enabled": true
				},
				{
					"key": "search",
					"value": "",
					"equals": true,
					"description": "",
					"enabled": true
				}
			],
			"preRequestScript": null,
			"pathVariables": {},
			"pathVariableData": [],
			"method": "GET",
			"data": [],
			"dataMode": "raw",
			"tests": null,
			"currentHelper": "normal",
			"helperAttributes": {},
			"time": 1649817359477,
			"name": "getmetaverse_land_shop",
			"description": "",
			"collectionId": "0ca53199-f4ab-2354-c952-26ec637c7b55",
			"responses": [],
			"rawModeData": "{\n\t\"image\":\"ee\"\n}"
		},
		{
			"id": "4c1785b8-d7b6-f91a-b3ee-0ee77f6ed7ed",
			"headers": "Content-Type: application/json\n",
			"headerData": [
				{
					"key": "Content-Type",
					"value": "application/json",
					"description": "",
					"enabled": true
				}
			],
			"url": "{{metaverse}}/updateshop",
			"queryParams": [],
			"preRequestScript": null,
			"pathVariables": {},
			"pathVariableData": [],
			"method": "POST",
			"data": [],
			"dataMode": "raw",
			"tests": null,
			"currentHelper": "normal",
			"helperAttributes": {},
			"time": 1649777938152,
			"name": "updateshop",
			"description": "",
			"collectionId": "0ca53199-f4ab-2354-c952-26ec637c7b55",
			"responses": [],
			"rawModeData": "  {\r\n            \"id\": \"7\",\r\n            \"category_id\": \"\",\r\n            \"name\": \"\",\r\n            \"off_percentage\": \"\",\r\n            \"shop_count\": \"\",\r\n            \"remaining_shop_count\": \"\",\r\n            \"descripting\": \"\",\r\n            \"mrp\": \"\",\r\n            \"selling_price\": \"\",\r\n            \"icon_image\": \"\",\r\n            \"reating\": \"\",\r\n            \"isAds\": \"\",\r\n            \"isRent\": \"\",\r\n            \"time_of_rent\": \"\",\r\n            \"timestemp\": \"\",\r\n            \"images\": \"\",\r\n            \"Keywords\": \"\",\r\n            \"sellerorgin\": \"\",\r\n            \"sellerprofilrname\": \"\",\r\n            \"manufacturerby\": \"\",\r\n            \"importedby\": \"\",\r\n            \"packedby\": \"\",\r\n            \"genricname\": \"\",\r\n            \"video\": \"\",\r\n            \"local_delivery_charges\": \"\",\r\n            \"zonal_delivery\": \"\",\r\n            \"national_delivery_charges\": \"\",\r\n            \"international_delivery_charges\": \"\"\r\n        }"
		},
		{
			"id": "4d27f2e9-5300-12ef-9ce2-ed40027044fc",
			"headers": "Content-Type: application/json\n",
			"headerData": [
				{
					"key": "Content-Type",
					"value": "application/json",
					"description": "",
					"enabled": true
				}
			],
			"url": "{{metaverse}}/updatechroist_tv",
			"queryParams": [],
			"preRequestScript": null,
			"pathVariables": {},
			"pathVariableData": [],
			"method": "POST",
			"data": [],
			"dataMode": "raw",
			"tests": null,
			"currentHelper": "normal",
			"helperAttributes": {},
			"time": 1649782132440,
			"name": "updatechroist_tv",
			"description": "",
			"collectionId": "0ca53199-f4ab-2354-c952-26ec637c7b55",
			"responses": [],
			"rawModeData": "{\r\n    \"id\": \"4\",\r\n    \"url\": \"sdasd\",\r\n    \"description\": \"\",\r\n    \"timestemp\": \"\",\r\n    \"auto_commenting\": \"\",\r\n    \"time_of_uploading\": \"\",\r\n    \"user_id\": \"\",\r\n    \"profile_pic\": \"\",\r\n    \"feeling_url\": \"\",\r\n    \"like_count\": \"\",\r\n    \"comment_count\": \"\",\r\n    \"views_count\": \"\",\r\n    \"share_count\": \"\",\r\n    \"post_type\": \"\"\r\n}"
		},
		{
			"id": "4dc78047-e2c0-96bc-14f4-fe42b0400bac",
			"headers": "Content-Type: application/json\n",
			"headerData": [
				{
					"key": "Content-Type",
					"value": "application/json",
					"description": "",
					"enabled": true
				}
			],
			"url": "{{metaverse}}/getcategory_grocery_shop",
			"queryParams": [],
			"preRequestScript": null,
			"pathVariables": {},
			"pathVariableData": [],
			"method": "GET",
			"data": [],
			"dataMode": "raw",
			"tests": null,
			"currentHelper": "normal",
			"helperAttributes": {},
			"time": 1649609690904,
			"name": "getcategory_grocery_shop",
			"description": "",
			"collectionId": "0ca53199-f4ab-2354-c952-26ec637c7b55",
			"responses": [],
			"rawModeData": ""
		},
		{
			"id": "4ef52d75-9119-f934-0c40-304eebba2ac5",
			"headers": "Content-Type: application/json\n",
			"headerData": [
				{
					"key": "Content-Type",
					"value": "application/json",
					"description": "",
					"enabled": true
				}
			],
			"url": "{{metaverse}}/deletebuy?id=1",
			"queryParams": [
				{
					"key": "id",
					"value": "1",
					"equals": true,
					"description": "",
					"enabled": true
				}
			],
			"preRequestScript": null,
			"pathVariables": {},
			"pathVariableData": [],
			"method": "GET",
			"data": [],
			"dataMode": "raw",
			"tests": null,
			"currentHelper": "normal",
			"helperAttributes": {},
			"time": 1649694693592,
			"name": "deletebuy",
			"description": "",
			"collectionId": "0ca53199-f4ab-2354-c952-26ec637c7b55",
			"responses": [],
			"rawModeData": ""
		},
		{
			"id": "4f840d7b-dedc-842b-2de9-903116251b61",
			"headers": "Content-Type: application/json\n",
			"headerData": [
				{
					"key": "Content-Type",
					"value": "application/json",
					"description": "",
					"enabled": true
				}
			],
			"url": "{{metaverse}}/addmetaverse_smachup",
			"queryParams": [],
			"preRequestScript": null,
			"pathVariables": {},
			"pathVariableData": [],
			"method": "POST",
			"data": [],
			"dataMode": "raw",
			"tests": null,
			"currentHelper": "normal",
			"helperAttributes": {},
			"time": 1649818223723,
			"name": "addmemetaverse_smachup",
			"description": "",
			"collectionId": "0ca53199-f4ab-2354-c952-26ec637c7b55",
			"responses": [],
			"rawModeData": "{\r\n    \"video_url\": \"\",\r\n    \"auto_comment\": \"\",\r\n    \"post_type\": \"\",\r\n    \"description\": \"\",\r\n    \"title\": \"\",\r\n    \"timestemp\": \"\",\r\n    \"username\": \"\",\r\n    \"profile_pic\": \"\",\r\n    \"feeling_url\": \"\",\r\n    \"like_count\": \"\",\r\n    \"comment_count\": \"\",\r\n    \"views_count\": \"\",\r\n    \"share_count\": \"\",\r\n    \"exclude_user\": \"\",\r\n    \"isAds\": \"\",\r\n    \"avatar_url\": \"\"\r\n}"
		},
		{
			"id": "535adc45-9302-ee1c-3faf-0d345470cc2d",
			"headers": "Content-Type: application/json\n",
			"headerData": [
				{
					"key": "Content-Type",
					"value": "application/json",
					"description": "",
					"enabled": true
				}
			],
			"url": "{{metaverse}}/addgrocery_products",
			"queryParams": [],
			"preRequestScript": null,
			"pathVariables": {},
			"pathVariableData": [],
			"method": "POST",
			"data": [],
			"dataMode": "raw",
			"tests": null,
			"currentHelper": "normal",
			"helperAttributes": {},
			"time": 1649782354221,
			"name": "addgrocery_products",
			"description": "",
			"collectionId": "0ca53199-f4ab-2354-c952-26ec637c7b55",
			"responses": [],
			"rawModeData": "{ \r\n    \"name\": \"\",\r\n    \"category\": \"\",\r\n    \"product_count\": \"\",\r\n    \"description\": \"\",\r\n    \"off_percentage\": \"\",\r\n    \"mrp\": \"\",\r\n    \"selling_price\": \"\",\r\n    \"quanitity\": \"\",\r\n    \"isAds\": \"\",\r\n    \"Keywords\": \"\",\r\n    \"sellerorgin\": \"\",\r\n    \"sellerprofilrname\": \"\",\r\n    \"manufacturerby\": \"\",\r\n    \"importedby\": \"\",\r\n    \"packedby\": \"\",\r\n    \"genricname\": \"\",\r\n    \"video\": \"\",\r\n    \"local_delivery_charges\": \"\",\r\n    \"zonal_delivery\": \"\",\r\n    \"national_delivery_charges\": \"\",\r\n    \"international_delivery_charges\": \"\",\r\n    \"isTrending\": \"\"\r\n}"
		},
		{
			"id": "5b35ba0d-786b-d1ab-0257-7c965ccf46d4",
			"headers": "Content-Type: application/json\n",
			"headerData": [
				{
					"key": "Content-Type",
					"value": "application/json",
					"description": "",
					"enabled": true
				}
			],
			"url": "{{metaverse}}/deletesmachup?id=1",
			"queryParams": [
				{
					"key": "id",
					"value": "1",
					"equals": true,
					"description": "",
					"enabled": true
				}
			],
			"preRequestScript": null,
			"pathVariables": {},
			"pathVariableData": [],
			"method": "GET",
			"data": [],
			"dataMode": "raw",
			"tests": null,
			"currentHelper": "normal",
			"helperAttributes": {},
			"time": 1649816292191,
			"name": "deletesmachup",
			"description": "",
			"collectionId": "0ca53199-f4ab-2354-c952-26ec637c7b55",
			"responses": [],
			"rawModeData": ""
		},
		{
			"id": "5c5af16d-6fe5-edd7-d97d-f5aa85af58a7",
			"headers": "Content-Type: application/json\n",
			"headerData": [
				{
					"key": "Content-Type",
					"value": "application/json",
					"description": "",
					"enabled": true
				}
			],
			"url": "{{metaverse}}/updatemetaverse_token_shop",
			"queryParams": [],
			"preRequestScript": null,
			"pathVariables": {},
			"pathVariableData": [],
			"method": "POST",
			"data": [],
			"dataMode": "raw",
			"tests": null,
			"currentHelper": "normal",
			"helperAttributes": {},
			"time": 1649819077417,
			"name": "updatemetaverse_token_shop",
			"description": "",
			"collectionId": "0ca53199-f4ab-2354-c952-26ec637c7b55",
			"responses": [],
			"rawModeData": " {\n            \"id\": 2,\n            \"image\": \"adadf\",\n            \"name\": \"nn\",\n            \"token_type\": \"tt\",\n            \"token_location\": \"jh\",\n            \"token_price\": 0.1,\n            \"timestemp\": \"2022-04-09T15:56:56.000Z\",\n            \"isAds\": 0,\n            \"international_delivery_charges\": null,\n            \"Keywords\": null,\n            \"sellerorgin\": null,\n            \"sellerprofilrname\": null,\n            \"manufacturerby\": null,\n            \"importedby\": null,\n            \"packedby\": null,\n            \"genricname\": null,\n            \"video\": null,\n            \"local_delivery_charges\": null,\n            \"zonal_delivery\": null,\n            \"national_delivery_charges\": null\n        }"
		},
		{
			"id": "600de51d-87b6-f472-990d-7b131d9ad9a8",
			"headers": "Content-Type: application/json\n",
			"headerData": [
				{
					"key": "Content-Type",
					"value": "application/json",
					"description": "",
					"enabled": true
				}
			],
			"url": "{{metaverse}}/deletemetaverse_token_shop?id=1",
			"queryParams": [
				{
					"key": "id",
					"value": "1",
					"equals": true,
					"description": "",
					"enabled": true
				}
			],
			"preRequestScript": null,
			"pathVariables": {},
			"pathVariableData": [],
			"method": "GET",
			"data": [],
			"dataMode": "raw",
			"tests": null,
			"currentHelper": "normal",
			"helperAttributes": {},
			"time": 1649519526374,
			"name": "deletemetaverse_token_shop",
			"description": "",
			"collectionId": "0ca53199-f4ab-2354-c952-26ec637c7b55",
			"responses": [],
			"rawModeData": ""
		},
		{
			"id": "61ad7e8b-f5be-d72f-9af2-c34e58d4a66a",
			"headers": "Content-Type: application/json\n",
			"headerData": [
				{
					"key": "Content-Type",
					"value": "application/json",
					"description": "",
					"enabled": true
				}
			],
			"url": "{{metaverse}}/updatebuy",
			"queryParams": [],
			"preRequestScript": null,
			"pathVariables": {},
			"pathVariableData": [],
			"method": "POST",
			"data": [],
			"dataMode": "raw",
			"tests": null,
			"currentHelper": "normal",
			"helperAttributes": {},
			"time": 1649781689585,
			"name": "updatebuy",
			"description": "",
			"collectionId": "0ca53199-f4ab-2354-c952-26ec637c7b55",
			"responses": [],
			"rawModeData": " {\r\n    \"id\": \"1\",\r\n    \"user_id\": \"1\",\r\n    \"item_type\": \"ss\",\r\n    \"item_id\": \"1\",\r\n    \"mrp\": \"11\",\r\n    \"buy_price\": \"111\",\r\n    \"description\": \"ded\",\r\n    \"comment\": \"dwdw\"\r\n}"
		},
		{
			"id": "62e035ee-f2ae-5148-482e-fac5143bb722",
			"headers": "Content-Type: application/json\n",
			"headerData": [
				{
					"key": "Content-Type",
					"value": "application/json",
					"description": "",
					"enabled": true
				}
			],
			"url": "{{metaverse}}/deletefeeling_image?id=1",
			"queryParams": [
				{
					"key": "id",
					"value": "1",
					"equals": true,
					"description": "",
					"enabled": true
				}
			],
			"preRequestScript": null,
			"pathVariables": {},
			"pathVariableData": [],
			"method": "GET",
			"data": [],
			"dataMode": "raw",
			"tests": null,
			"currentHelper": "normal",
			"helperAttributes": {},
			"time": 1649488361510,
			"name": "deletefeeling_image",
			"description": "",
			"collectionId": "0ca53199-f4ab-2354-c952-26ec637c7b55",
			"responses": [],
			"rawModeData": "{\n\t\n}"
		},
		{
			"id": "6473b0cf-c9f2-82c9-bcf8-497eb01c14ae",
			"headers": "Content-Type: application/json\n",
			"headerData": [
				{
					"key": "Content-Type",
					"value": "application/json",
					"description": "",
					"enabled": true
				}
			],
			"url": "{{metaverse}}/addshop_rent_item",
			"queryParams": [],
			"preRequestScript": null,
			"pathVariables": {},
			"pathVariableData": [],
			"method": "POST",
			"data": [],
			"dataMode": "raw",
			"tests": null,
			"currentHelper": "normal",
			"helperAttributes": {},
			"time": 1649780704861,
			"name": "addshop_rent_item",
			"description": "",
			"collectionId": "0ca53199-f4ab-2354-c952-26ec637c7b55",
			"responses": [],
			"rawModeData": " { \r\n            \"name\": \"sda\",\r\n            \"product_count\": \"\",\r\n            \"time_of_rent\": \"\",\r\n            \"off_percentage\": \"\",\r\n            \"descripting\": \"\",\r\n            \"mrp\": \"\",\r\n            \"selling_price\": \"\",\r\n            \"icon_image\": \"\",\r\n            \"reating\": \"\",\r\n            \"count\": \"\",\r\n            \"remaining_count\": \"\",\r\n            \"isAds\": \"\",\r\n            \"timestemp\": \"\",\r\n            \"Keywords\": \"\",\r\n            \"sellerorgin\": \"\",\r\n            \"sellerprofilrname\": \"\",\r\n            \"manufacturerby\": \"\",\r\n            \"importedby\": \"\",\r\n            \"packedby\": \"\",\r\n            \"genricname\": \"\",\r\n            \"video\": \"\",\r\n            \"local_delivery_charges\": \"\",\r\n            \"zonal_delivery\": \"\",\r\n            \"national_delivery_charges\": \"\",\r\n            \"international_delivery_charges\": \"\"\r\n        }"
		},
		{
			"id": "65967903-6477-fc4a-82c9-36c76d9ff11d",
			"headers": "Content-Type: application/json\n",
			"headerData": [
				{
					"key": "Content-Type",
					"value": "application/json",
					"description": "",
					"enabled": true
				}
			],
			"url": "{{metaverse}}/addmovies",
			"queryParams": [],
			"preRequestScript": null,
			"pathVariables": {},
			"pathVariableData": [],
			"method": "POST",
			"data": [],
			"dataMode": "raw",
			"tests": null,
			"currentHelper": "normal",
			"helperAttributes": {},
			"time": 1649521883657,
			"name": "addmovies",
			"description": "",
			"collectionId": "0ca53199-f4ab-2354-c952-26ec637c7b55",
			"responses": [],
			"rawModeData": "{\n\t\"url\": \"p.url\",\n\t\"name\": \"p.name\",\n\t\"description\": \"p.description\",\n\t\"category\": \"p.category\",\n\t\"off_percantage\": 2,\n\t\"rent_price\": 1,\n\t\"bying_price\": 1\n}"
		},
		{
			"id": "662018fd-e6dc-c5fb-b291-104453db3fd7",
			"headers": "Content-Type: application/json\n",
			"headerData": [
				{
					"key": "Content-Type",
					"value": "application/json",
					"description": "",
					"enabled": true
				}
			],
			"url": "{{metaverse}}/get_otp?username=test@gmail.com",
			"queryParams": [
				{
					"key": "username",
					"value": "test@gmail.com",
					"equals": true,
					"description": "",
					"enabled": true
				}
			],
			"preRequestScript": null,
			"pathVariables": {},
			"pathVariableData": [],
			"method": "GET",
			"data": [],
			"dataMode": "raw",
			"version": 2,
			"tests": null,
			"currentHelper": "normal",
			"helperAttributes": {},
			"time": 1649348479531,
			"name": "get_otp",
			"description": "",
			"collectionId": "0ca53199-f4ab-2354-c952-26ec637c7b55",
			"responses": [],
			"rawModeData": "{\n\t\"username\":\"test@gmail.com\",\n\t\"password\":12345\n}"
		},
		{
			"id": "6891d8b9-8b4d-55d4-cfcf-81109b149647",
			"headers": "Content-Type: application/json\n",
			"headerData": [
				{
					"key": "Content-Type",
					"value": "application/json",
					"description": "",
					"enabled": true
				}
			],
			"url": "{{metaverse}}/getusers",
			"queryParams": [],
			"preRequestScript": null,
			"pathVariables": {},
			"pathVariableData": [],
			"method": "GET",
			"data": [],
			"dataMode": "raw",
			"version": 2,
			"tests": null,
			"currentHelper": "normal",
			"helperAttributes": {},
			"time": 1649694521408,
			"name": "get_users",
			"description": "",
			"collectionId": "0ca53199-f4ab-2354-c952-26ec637c7b55",
			"responses": [],
			"rawModeData": "{\n\t\"username\":\"test@gmail.com\",\n\t\"password\":12345\n}"
		},
		{
			"id": "69ea739c-2955-addc-186e-21de310e100a",
			"headers": "Content-Type: application/json\n",
			"headerData": [
				{
					"key": "Content-Type",
					"value": "application/json",
					"description": "",
					"enabled": true
				}
			],
			"url": "{{metaverse}}/addchroist_tv?isRent=1",
			"queryParams": [
				{
					"key": "isRent",
					"value": "1",
					"equals": true,
					"description": "",
					"enabled": true
				}
			],
			"preRequestScript": null,
			"pathVariables": {},
			"pathVariableData": [],
			"method": "POST",
			"data": [],
			"dataMode": "raw",
			"tests": null,
			"currentHelper": "normal",
			"helperAttributes": {},
			"time": 1649782120358,
			"name": "addchroist_tv",
			"description": "",
			"collectionId": "0ca53199-f4ab-2354-c952-26ec637c7b55",
			"responses": [],
			"rawModeData": "{\r\n    \"url\": \"\",\r\n    \"description\": \"\",\r\n    \"timestemp\": \"\",\r\n    \"auto_commenting\": \"\",\r\n    \"time_of_uploading\": \"\",\r\n    \"user_id\": \"\",\r\n    \"profile_pic\": \"\",\r\n    \"feeling_url\": \"\",\r\n    \"like_count\": \"\",\r\n    \"comment_count\": \"\",\r\n    \"views_count\": \"\",\r\n    \"share_count\": \"\",\r\n    \"post_type\": \"\"\r\n}"
		},
		{
			"id": "6bbb15cd-8821-82c2-e8f4-fbc435a44aa2",
			"headers": "Content-Type: application/json\n",
			"headerData": [
				{
					"key": "Content-Type",
					"value": "application/json",
					"description": "",
					"enabled": true
				}
			],
			"url": "{{metaverse}}/updatemovies",
			"queryParams": [],
			"preRequestScript": null,
			"pathVariables": {},
			"pathVariableData": [],
			"method": "POST",
			"data": [],
			"dataMode": "raw",
			"tests": null,
			"currentHelper": "normal",
			"helperAttributes": {},
			"time": 1649521904570,
			"name": "updatemovies",
			"description": "",
			"collectionId": "0ca53199-f4ab-2354-c952-26ec637c7b55",
			"responses": [],
			"rawModeData": "{\n\t\"id\":1,\n\t\"url\": \" 1 url\",\n\t\"name\": \"p.name\",\n\t\"description\": \"p.description\",\n\t\"category\": \"p.category\",\n\t\"off_percantage\": 2,\n\t\"rent_price\": 1,\n\t\"bying_price\": 1\n}"
		},
		{
			"id": "73342322-ede8-f1aa-3ae2-8b60cbc4d73b",
			"headers": "Content-Type: application/json\n",
			"headerData": [
				{
					"key": "Content-Type",
					"value": "application/json",
					"description": "",
					"enabled": true
				}
			],
			"url": "{{metaverse}}/addpost",
			"queryParams": [],
			"preRequestScript": null,
			"pathVariables": {},
			"pathVariableData": [],
			"method": "POST",
			"data": [],
			"dataMode": "raw",
			"tests": null,
			"currentHelper": "normal",
			"helperAttributes": {},
			"time": 1649782904381,
			"name": "addpost",
			"description": "",
			"collectionId": "0ca53199-f4ab-2354-c952-26ec637c7b55",
			"responses": [],
			"rawModeData": "{ \r\n    \"url\": \"\",\r\n    \"description\": \"\",\r\n    \"feeling_count\": \"\",\r\n    \"comment_count\": \"\",\r\n    \"username\": \"\",\r\n    \"feeling_icon_urls\": \"\",\r\n    \"view_type\": \"\",\r\n    \"views_count\": \"\",\r\n    \"share_count\": \"\",\r\n    \"like_count\": \"\",\r\n    \"exclude_user\": \"\",\r\n    \"user_id\": \"\"\r\n}"
		},
		{
			"id": "7405ddc6-1d17-9045-5b45-4cf4cf448a97",
			"headers": "Content-Type: application/json\n",
			"headerData": [
				{
					"key": "Content-Type",
					"value": "application/json",
					"description": "",
					"enabled": true
				}
			],
			"url": "{{metaverse}}/updatesmachup",
			"queryParams": [],
			"preRequestScript": null,
			"pathVariables": {},
			"pathVariableData": [],
			"method": "POST",
			"data": [],
			"dataMode": "raw",
			"tests": null,
			"currentHelper": "normal",
			"helperAttributes": {},
			"time": 1649816303040,
			"name": "updatesmachup",
			"description": "",
			"collectionId": "0ca53199-f4ab-2354-c952-26ec637c7b55",
			"responses": [],
			"rawModeData": "{\r\n    \"id\": \"1\",\r\n    \"url\": \"asdd\",\r\n    \"title\": \"\",\r\n    \"descriptions\": \"\",\r\n    \"views_count\": \"\",\r\n    \"feeling_count\": \"\",\r\n    \"comment_counts\": \"\",\r\n    \"feeling_icon_url\": \"\",\r\n    \"username\": \"\",\r\n    \"time_of_uploading\": \"\",\r\n    \"time_of_video\": \"\",\r\n    \"profile_url\": \"\",\r\n    \"exclude_user\": \"\",\r\n    \"share_count\": \"\",\r\n    \"like_count\": \"\",\r\n    \"view_type\": \"\"\r\n}"
		},
		{
			"id": "74bed10a-e6d5-a484-b9ed-9dffa8068aac",
			"headers": "Content-Type: application/json\n",
			"headerData": [
				{
					"key": "Content-Type",
					"value": "application/json",
					"description": "",
					"enabled": true
				}
			],
			"url": "{{metaverse}}/getpost",
			"queryParams": [],
			"preRequestScript": null,
			"pathVariables": {},
			"pathVariableData": [],
			"method": "GET",
			"data": [],
			"dataMode": "raw",
			"tests": null,
			"currentHelper": "normal",
			"helperAttributes": {},
			"time": 1649818327436,
			"name": "getpost",
			"description": "",
			"collectionId": "0ca53199-f4ab-2354-c952-26ec637c7b55",
			"responses": [],
			"rawModeData": ""
		},
		{
			"id": "75f85ab7-0a39-75a0-7779-a20f0d5d01c3",
			"headers": "Content-Type: application/json\n",
			"headerData": [
				{
					"key": "Content-Type",
					"value": "application/json",
					"description": "",
					"enabled": true
				}
			],
			"url": "{{metaverse}}/getmetaverse_chroist_tv",
			"queryParams": [],
			"preRequestScript": null,
			"pathVariables": {},
			"pathVariableData": [],
			"method": "GET",
			"data": [],
			"dataMode": "raw",
			"tests": null,
			"currentHelper": "normal",
			"helperAttributes": {},
			"time": 1649817389677,
			"name": "getmetaverse_chroist_tv",
			"description": "",
			"collectionId": "0ca53199-f4ab-2354-c952-26ec637c7b55",
			"responses": [],
			"rawModeData": ""
		},
		{
			"id": "77547353-4ed7-7dbc-5705-915fcf0b3999",
			"headers": "Content-Type: application/json\n",
			"headerData": [
				{
					"key": "Content-Type",
					"value": "application/json",
					"description": "",
					"enabled": true
				}
			],
			"url": "{{metaverse}}/deletemetaverse_chroist_tv?id=1",
			"queryParams": [
				{
					"key": "id",
					"value": "1",
					"equals": true,
					"description": "",
					"enabled": true
				}
			],
			"preRequestScript": null,
			"pathVariables": {},
			"pathVariableData": [],
			"method": "GET",
			"data": [],
			"dataMode": "raw",
			"tests": null,
			"currentHelper": "normal",
			"helperAttributes": {},
			"time": 1649817361317,
			"name": "deletemetaverse_chroist_tv",
			"description": "",
			"collectionId": "0ca53199-f4ab-2354-c952-26ec637c7b55",
			"responses": [],
			"rawModeData": ""
		},
		{
			"id": "7b546328-6976-b85c-87ba-f6d9b59897e7",
			"headers": "Content-Type: application/json\n",
			"headerData": [
				{
					"key": "Content-Type",
					"value": "application/json",
					"description": "",
					"enabled": true
				}
			],
			"url": "{{metaverse}}/getgrocery_products?isAds=0&search=",
			"queryParams": [
				{
					"key": "isAds",
					"value": "0",
					"equals": true,
					"description": "",
					"enabled": true
				},
				{
					"key": "search",
					"value": "",
					"equals": true,
					"description": "",
					"enabled": true
				}
			],
			"preRequestScript": null,
			"pathVariables": {},
			"pathVariableData": [],
			"method": "GET",
			"data": [],
			"dataMode": "raw",
			"tests": null,
			"currentHelper": "normal",
			"helperAttributes": {},
			"time": 1649782213577,
			"name": "getgrocery_products",
			"description": "",
			"collectionId": "0ca53199-f4ab-2354-c952-26ec637c7b55",
			"responses": [],
			"rawModeData": ""
		},
		{
			"id": "7d9c41a2-fdc6-c352-587a-6b35f7bf6c09",
			"headers": "Content-Type: application/json\n",
			"headerData": [
				{
					"key": "Content-Type",
					"value": "application/json",
					"description": "",
					"enabled": true
				}
			],
			"url": "{{metaverse}}/getcategory_grocery_shop",
			"queryParams": [],
			"preRequestScript": null,
			"pathVariables": {},
			"pathVariableData": [],
			"method": "GET",
			"data": [],
			"dataMode": "raw",
			"tests": null,
			"currentHelper": "normal",
			"helperAttributes": {},
			"time": 1649777629672,
			"name": "getcategory_grocery_shop",
			"description": "",
			"collectionId": "0ca53199-f4ab-2354-c952-26ec637c7b55",
			"responses": [],
			"rawModeData": "{\n\t\n}"
		},
		{
			"id": "800ab45c-ee36-b03c-5099-2864f8fb4a05",
			"headers": "Content-Type: application/json\n",
			"headerData": [
				{
					"key": "Content-Type",
					"value": "application/json",
					"description": "",
					"enabled": true
				}
			],
			"url": "{{metaverse}}/updatecategory_grocery_shop",
			"queryParams": [],
			"preRequestScript": null,
			"pathVariables": {},
			"pathVariableData": [],
			"method": "POST",
			"data": [],
			"dataMode": "raw",
			"tests": null,
			"currentHelper": "normal",
			"helperAttributes": {},
			"time": 1649609048948,
			"name": "updatecategory_grocery_shop",
			"description": "",
			"collectionId": "0ca53199-f4ab-2354-c952-26ec637c7b55",
			"responses": [],
			"rawModeData": "{\n\t\"id\":1,\n\t\"category\":\"category 1\",\n\t\"image\":\"\"\n}"
		},
		{
			"id": "810b5f21-fdf3-2608-a275-d3f1d9db552d",
			"headers": "Content-Type: application/json\n",
			"headerData": [
				{
					"key": "Content-Type",
					"value": "application/json",
					"description": "",
					"enabled": true
				}
			],
			"url": "{{metaverse}}/addmetaverse_thing_shop",
			"queryParams": [],
			"preRequestScript": null,
			"pathVariables": {},
			"pathVariableData": [],
			"method": "POST",
			"data": [],
			"dataMode": "raw",
			"tests": null,
			"currentHelper": "normal",
			"helperAttributes": {},
			"time": 1649818724696,
			"name": "addmetaverse_thing_shop",
			"description": "",
			"collectionId": "0ca53199-f4ab-2354-c952-26ec637c7b55",
			"responses": [],
			"rawModeData": "{ \r\n    \"name\": \"\",\r\n    \"description\": \"\",\r\n    \"mrp\": \"\",\r\n    \"product_count\": \"\",\r\n    \"seeling_prise\": \"\",\r\n    \"rating\": \"\",\r\n    \"modle_3d\": \"\",\r\n    \"off_percentage\": \"\",\r\n    \"Keywords_sellerorgin\": \"\",\r\n    \"sellerprofilrname\": \"\",\r\n    \"manufacturerby\": \"\",\r\n    \"importedby\": \"\",\r\n    \"packedby\": \"\",\r\n    \"genricname\": \"\"\r\n}"
		},
		{
			"id": "8d12b5d5-66d7-9c41-29a6-e02b9cb56852",
			"headers": "Content-Type: application/json\n",
			"headerData": [
				{
					"key": "Content-Type",
					"value": "application/json",
					"description": "",
					"enabled": true
				}
			],
			"url": "{{metaverse}}/addsmachup",
			"queryParams": [],
			"preRequestScript": null,
			"pathVariables": {},
			"pathVariableData": [],
			"method": "POST",
			"data": [],
			"dataMode": "raw",
			"tests": null,
			"currentHelper": "normal",
			"helperAttributes": {},
			"time": 1649816271622,
			"name": "addsmachup",
			"description": "",
			"collectionId": "0ca53199-f4ab-2354-c952-26ec637c7b55",
			"responses": [],
			"rawModeData": "{ \r\n    \"url\": \"\",\r\n    \"title\": \"\",\r\n    \"descriptions\": \"\",\r\n    \"views_count\": \"\",\r\n    \"feeling_count\": \"\",\r\n    \"comment_counts\": \"\",\r\n    \"feeling_icon_url\": \"\",\r\n    \"username\": \"\",\r\n    \"time_of_uploading\": \"\",\r\n    \"time_of_video\": \"\",\r\n    \"profile_url\": \"\",\r\n    \"exclude_user\": \"\",\r\n    \"share_count\": \"\",\r\n    \"like_count\": \"\",\r\n    \"view_type\": \"\"\r\n}"
		},
		{
			"id": "8d36557c-4fc5-d52e-afdc-45537ae71ef6",
			"headers": "Content-Type: application/json\n",
			"headerData": [
				{
					"key": "Content-Type",
					"value": "application/json",
					"description": "",
					"enabled": true
				}
			],
			"url": "{{metaverse}}/addmetaverse_chroist_tv",
			"queryParams": [],
			"preRequestScript": null,
			"pathVariables": {},
			"pathVariableData": [],
			"method": "POST",
			"data": [],
			"dataMode": "raw",
			"tests": null,
			"currentHelper": "normal",
			"helperAttributes": {},
			"time": 1649816775053,
			"name": "addmetaverse_chroist_tv",
			"description": "",
			"collectionId": "0ca53199-f4ab-2354-c952-26ec637c7b55",
			"responses": [],
			"rawModeData": "{ \r\n    \"vedio_url\": \"\",\r\n    \"description\": \"\",\r\n    \"time_of_uploading\": \"\",\r\n    \"post_type\": \"\",\r\n    \"username\": \"\",\r\n    \"profile_pic\": \"\",\r\n    \"feeling_url\": \"\",\r\n    \"auto_comment\": \"\",\r\n    \"like_count\": \"\",\r\n    \"comment_count\": \"\",\r\n    \"views_count\": \"\",\r\n    \"share_count\": \"\",\r\n    \"exclude_user\": \"\"\r\n}"
		},
		{
			"id": "90dd561d-833a-5671-5c24-5d5d5a5258ba",
			"headers": "Content-Type: application/json\n",
			"headerData": [
				{
					"key": "Content-Type",
					"value": "application/json",
					"description": "",
					"enabled": true
				}
			],
			"url": "{{metaverse}}/addcategory_grocery_shop",
			"queryParams": [],
			"preRequestScript": null,
			"pathVariables": {},
			"pathVariableData": [],
			"method": "POST",
			"data": [],
			"dataMode": "raw",
			"tests": null,
			"currentHelper": "normal",
			"helperAttributes": {},
			"time": 1649609976492,
			"name": "addcategory_grocery_shop",
			"description": "",
			"collectionId": "0ca53199-f4ab-2354-c952-26ec637c7b55",
			"responses": [],
			"rawModeData": " {\r\n    \"name\": \"\",\r\n    \"description\": \"\",\r\n    \"mrp\": \"\",\r\n    \"product_count\": \"\",\r\n    \"seeling_prise\": \"\",\r\n    \"rating\": \"\",\r\n    \"modle_3d\": \"\",\r\n    \"off_percentage\": \"\"\r\n}"
		},
		{
			"id": "9154377e-1b54-f2fb-ebc5-44a6988cb4b1",
			"headers": "Content-Type: application/json\n",
			"headerData": [
				{
					"key": "Content-Type",
					"value": "application/json",
					"description": "",
					"enabled": true
				}
			],
			"url": "{{metaverse}}/deletecategory_grocery_shop?id=1",
			"queryParams": [
				{
					"key": "id",
					"value": "1",
					"equals": true,
					"description": "",
					"enabled": true
				}
			],
			"preRequestScript": null,
			"pathVariables": {},
			"pathVariableData": [],
			"method": "GET",
			"data": [],
			"dataMode": "raw",
			"tests": null,
			"currentHelper": "normal",
			"helperAttributes": {},
			"time": 1649609041603,
			"name": "deletecategory_grocery_shop",
			"description": "",
			"collectionId": "0ca53199-f4ab-2354-c952-26ec637c7b55",
			"responses": [],
			"rawModeData": "{\n\t\"image\":\"ee\"\n}"
		},
		{
			"id": "9376dbd8-73f0-5181-ad11-035d26d48b8b",
			"headers": "Content-Type: application/json\n",
			"headerData": [
				{
					"key": "Content-Type",
					"value": "application/json",
					"description": "",
					"enabled": true
				}
			],
			"url": "{{metaverse}}/deletepost?id=1",
			"queryParams": [
				{
					"key": "id",
					"value": "1",
					"equals": true,
					"description": "",
					"enabled": true
				}
			],
			"preRequestScript": null,
			"pathVariables": {},
			"pathVariableData": [],
			"method": "GET",
			"data": [],
			"dataMode": "raw",
			"tests": null,
			"currentHelper": "normal",
			"helperAttributes": {},
			"time": 1649782936467,
			"name": "deletepost",
			"description": "",
			"collectionId": "0ca53199-f4ab-2354-c952-26ec637c7b55",
			"responses": [],
			"rawModeData": ""
		},
		{
			"id": "9cef74ea-30de-c63b-98d9-2ac994d9e9d1",
			"headers": "Content-Type: application/json\n",
			"headerData": [
				{
					"key": "Content-Type",
					"value": "application/json",
					"description": "",
					"enabled": true
				}
			],
			"url": "{{metaverse}}/getmetaverse_token_shop?isAds=0&search=",
			"queryParams": [
				{
					"key": "isAds",
					"value": "0",
					"equals": true,
					"description": "",
					"enabled": true
				},
				{
					"key": "search",
					"value": "",
					"equals": true,
					"description": "",
					"enabled": true
				}
			],
			"preRequestScript": null,
			"pathVariables": {},
			"pathVariableData": [],
			"method": "GET",
			"data": [],
			"dataMode": "raw",
			"tests": null,
			"currentHelper": "normal",
			"helperAttributes": {},
			"time": 1649819018811,
			"name": "getmetaverse_token_shop",
			"description": "",
			"collectionId": "0ca53199-f4ab-2354-c952-26ec637c7b55",
			"responses": [],
			"rawModeData": "{\n\t\"image\":\"ee\"\n}"
		},
		{
			"id": "a0c21f70-5e81-a964-3a36-eb5cc62f1694",
			"headers": "Content-Type: application/json\n",
			"headerData": [
				{
					"key": "Content-Type",
					"value": "application/json",
					"description": "",
					"enabled": true
				}
			],
			"url": "{{metaverse}}/addmetaverse_land_shop",
			"queryParams": [],
			"preRequestScript": null,
			"pathVariables": {},
			"pathVariableData": [],
			"method": "POST",
			"data": [],
			"dataMode": "raw",
			"tests": null,
			"currentHelper": "normal",
			"helperAttributes": {},
			"time": 1649817343232,
			"name": "addmetaverse_land_shop",
			"description": "",
			"collectionId": "0ca53199-f4ab-2354-c952-26ec637c7b55",
			"responses": [],
			"rawModeData": "{ \r\n    \"image_url\": \"\",\r\n    \"name\": \"\",\r\n    \"locations\": \"\",\r\n    \"size\": \"\",\r\n    \"buying_price\": \"\",\r\n    \"idAds\": \"\",\r\n    \"Keywords\": \"\",\r\n    \"sellerorgin\": \"\",\r\n    \"sellerprofilename\": \"\",\r\n    \"manufacturer_by\": \"\",\r\n    \"importedby\": \"\",\r\n    \"packedby\": \"\",\r\n    \"generic_name\": \"\",\r\n    \"local_delivery_charges\": \"\",\r\n    \"zonal_delivery\": \"\"\r\n}"
		},
		{
			"id": "a41e49de-9a6b-d1cf-18b2-106e0da3104b",
			"headers": "Content-Type: application/json\n",
			"headerData": [
				{
					"key": "Content-Type",
					"value": "application/json",
					"description": "",
					"enabled": true
				}
			],
			"url": "{{metaverse}}/addbuy",
			"queryParams": [],
			"preRequestScript": null,
			"pathVariables": {},
			"pathVariableData": [],
			"method": "POST",
			"data": [],
			"dataMode": "raw",
			"tests": null,
			"currentHelper": "normal",
			"helperAttributes": {},
			"time": 1649781321737,
			"name": "addbuy",
			"description": "",
			"collectionId": "0ca53199-f4ab-2354-c952-26ec637c7b55",
			"responses": [],
			"rawModeData": "{\r\n    \"user_id\": \"1\",\r\n    \"item_type\": \"\",\r\n    \"item_id\": \"\",\r\n    \"mrp\": \"\",\r\n    \"buy_price\": \"\",\r\n    \"description\": \"\",\r\n    \"comment\": \"\",\r\n    \"timestamp\": \"\"\r\n}"
		},
		{
			"id": "ab1fe0b1-35ba-5572-6826-0af11c1a981d",
			"headers": "Content-Type: application/json\n",
			"headerData": [
				{
					"key": "Content-Type",
					"value": "application/json",
					"description": "",
					"enabled": true
				}
			],
			"url": "{{metaverse}}/signup",
			"queryParams": [],
			"preRequestScript": null,
			"pathVariables": {},
			"pathVariableData": [],
			"method": "POST",
			"data": [],
			"dataMode": "raw",
			"tests": null,
			"currentHelper": "normal",
			"helperAttributes": {},
			"time": 1649483539896,
			"name": "signup",
			"description": "",
			"collectionId": "0ca53199-f4ab-2354-c952-26ec637c7b55",
			"responses": [],
			"rawModeData": "{\r\n\t \r\n\"username\":\"test\",\r\n\"name\":\"test\",\r\n\"gender\":\"\",\r\n\"email\":\"test@gmail.com\",\r\n\"password\":\"12345\",\r\n\"phone_no\":\"\",\r\n\"profileimage\":\"\",\r\n\"avatarurl\":\"\",\r\n\"bio\":\"\",\r\n\"dirtof_birt\":\"\",\r\n\"followers_count\":\"\",\r\n\"metaverse_friends_count\":\"\",\r\n\"suscribers\":\"\",\r\n\"account_type\":\"\"\r\n}\r\n"
		},
		{
			"id": "acbb726a-ac2f-274c-ff20-035410d2d018",
			"headers": "Content-Type: application/json\n",
			"headerData": [
				{
					"key": "Content-Type",
					"value": "application/json",
					"description": "",
					"enabled": true
				}
			],
			"url": "{{metaverse}}/addbuy_rent",
			"queryParams": [],
			"preRequestScript": null,
			"pathVariables": {},
			"pathVariableData": [],
			"method": "POST",
			"data": [],
			"dataMode": "raw",
			"tests": null,
			"currentHelper": "normal",
			"helperAttributes": {},
			"time": 1649781880161,
			"name": "addbuy_rent",
			"description": "",
			"collectionId": "0ca53199-f4ab-2354-c952-26ec637c7b55",
			"responses": [],
			"rawModeData": "{ \r\n    \"user_id\": \"\",\r\n    \"item_type\": \"\",\r\n    \"item_id\": \"\",\r\n    \"mrp\": \"\",\r\n    \"buy_price\": \"\",\r\n    \"description\": \"\",\r\n    \"comment\": \"\",\r\n    \"time_of_rent\": \"\",\r\n    \"timestamp\": \"\",\r\n    \"time_of_rent_unit\": \"\"\r\n}"
		},
		{
			"id": "b593d125-3903-58d2-dad7-a8a9b88b6539",
			"headers": "Content-Type: application/json\n",
			"headerData": [
				{
					"key": "Content-Type",
					"value": "application/json",
					"description": "",
					"enabled": true
				}
			],
			"url": "{{metaverse}}/updateshop_rent_item",
			"queryParams": [],
			"preRequestScript": null,
			"pathVariables": {},
			"pathVariableData": [],
			"method": "POST",
			"data": [],
			"dataMode": "raw",
			"tests": null,
			"currentHelper": "normal",
			"helperAttributes": {},
			"time": 1649780707930,
			"name": "updateshop_rent_item",
			"description": "",
			"collectionId": "0ca53199-f4ab-2354-c952-26ec637c7b55",
			"responses": [],
			"rawModeData": " {\r\n            \"id\": \"2\",\r\n            \"name\": \"d d d \",\r\n            \"product_count\": \"\",\r\n            \"time_of_rent\": \"\",\r\n            \"off_percentage\": \"\",\r\n            \"descripting\": \"\",\r\n            \"mrp\": \"\",\r\n            \"selling_price\": \"\",\r\n            \"icon_image\": \"\",\r\n            \"reating\": \"\",\r\n            \"count\": \"\",\r\n            \"remaining_count\": \"\",\r\n            \"isAds\": \"\",\r\n            \"timestemp\": \"\",\r\n            \"Keywords\": \"\",\r\n            \"sellerorgin\": \"\",\r\n            \"sellerprofilrname\": \"\",\r\n            \"manufacturerby\": \"\",\r\n            \"importedby\": \"\",\r\n            \"packedby\": \"\",\r\n            \"genricname\": \"\",\r\n            \"video\": \"\",\r\n            \"local_delivery_charges\": \"\",\r\n            \"zonal_delivery\": \"\",\r\n            \"national_delivery_charges\": \"\",\r\n            \"international_delivery_charges\": \"\"\r\n        }"
		},
		{
			"id": "c0009905-2c97-a9b1-c99f-84260672e0dd",
			"headers": "Content-Type: application/json\n",
			"headerData": [
				{
					"key": "Content-Type",
					"value": "application/json",
					"description": "",
					"enabled": true
				}
			],
			"url": "{{metaverse}}/getchroist_tv",
			"queryParams": [],
			"preRequestScript": null,
			"pathVariables": {},
			"pathVariableData": [],
			"method": "GET",
			"data": [],
			"dataMode": "raw",
			"tests": null,
			"currentHelper": "normal",
			"helperAttributes": {},
			"time": 1649520832911,
			"name": "getchroist_tv",
			"description": "",
			"collectionId": "0ca53199-f4ab-2354-c952-26ec637c7b55",
			"responses": [],
			"rawModeData": ""
		},
		{
			"id": "c1f08e9a-42b1-cc6a-6509-778da495ce53",
			"headers": "Content-Type: application/json\n",
			"headerData": [
				{
					"key": "Content-Type",
					"value": "application/json",
					"description": "",
					"enabled": true
				}
			],
			"url": "{{metaverse}}/reset_password",
			"queryParams": [],
			"preRequestScript": null,
			"pathVariables": {},
			"pathVariableData": [],
			"method": "POST",
			"data": [],
			"dataMode": "raw",
			"version": 2,
			"tests": null,
			"currentHelper": "normal",
			"helperAttributes": {},
			"time": 1649483551834,
			"name": "reset_password",
			"description": "",
			"collectionId": "0ca53199-f4ab-2354-c952-26ec637c7b55",
			"responses": [],
			"rawModeData": "{\n\t\"otp\":\"27281\",\n\t\"password\":123456\n}"
		},
		{
			"id": "c4991c4b-588d-f61a-5cba-ac22863bd1c6",
			"headers": "Content-Type: application/json\n",
			"headerData": [
				{
					"key": "Content-Type",
					"value": "application/json",
					"description": "",
					"enabled": true
				}
			],
			"url": "{{metaverse}}/updatefeeling_image",
			"queryParams": [],
			"preRequestScript": null,
			"pathVariables": {},
			"pathVariableData": [],
			"method": "POST",
			"data": [],
			"dataMode": "raw",
			"tests": null,
			"currentHelper": "normal",
			"helperAttributes": {},
			"time": 1649523279374,
			"name": "updatefeeling_image",
			"description": "",
			"collectionId": "0ca53199-f4ab-2354-c952-26ec637c7b55",
			"responses": [],
			"rawModeData": "{\n\t\"id\":3,\n\t\"image\":\"ee 33\",\n\t\"name\":\"\"\n}"
		},
		{
			"id": "ca34e455-7e32-7ac0-94e2-86af3dd8ad58",
			"headers": "Content-Type: application/json\n",
			"headerData": [
				{
					"key": "Content-Type",
					"value": "application/json",
					"description": "",
					"enabled": true
				}
			],
			"url": "{{metaverse}}/getbuy_rent",
			"queryParams": [],
			"preRequestScript": null,
			"pathVariables": {},
			"pathVariableData": [],
			"method": "GET",
			"data": [],
			"dataMode": "raw",
			"tests": null,
			"currentHelper": "normal",
			"helperAttributes": {},
			"time": 1649781957678,
			"name": "getbuy_rent",
			"description": "",
			"collectionId": "0ca53199-f4ab-2354-c952-26ec637c7b55",
			"responses": [],
			"rawModeData": ""
		},
		{
			"id": "cb817a38-dcb0-a8ba-2c92-d7c34f9db863",
			"headers": "Content-Type: application/json\n",
			"headerData": [
				{
					"key": "Content-Type",
					"value": "application/json",
					"description": "",
					"enabled": true
				}
			],
			"url": "{{metaverse}}/deletechroist_tv?id=1",
			"queryParams": [
				{
					"key": "id",
					"value": "1",
					"equals": true,
					"description": "",
					"enabled": true
				}
			],
			"preRequestScript": null,
			"pathVariables": {},
			"pathVariableData": [],
			"method": "GET",
			"data": [],
			"dataMode": "raw",
			"tests": null,
			"currentHelper": "normal",
			"helperAttributes": {},
			"time": 1649521004014,
			"name": "deletechroist_tv",
			"description": "",
			"collectionId": "0ca53199-f4ab-2354-c952-26ec637c7b55",
			"responses": [],
			"rawModeData": ""
		},
		{
			"id": "d1fd873f-def1-d596-9284-ce738bb22ca6",
			"headers": "Content-Type: application/json\n",
			"headerData": [
				{
					"key": "Content-Type",
					"value": "application/json",
					"description": "",
					"enabled": true
				}
			],
			"url": "{{metaverse}}/getmetaverse_smachup",
			"queryParams": [],
			"preRequestScript": null,
			"pathVariables": {},
			"pathVariableData": [],
			"method": "GET",
			"data": [],
			"dataMode": "raw",
			"tests": null,
			"currentHelper": "normal",
			"helperAttributes": {},
			"time": 1649818156423,
			"name": "getmetaverse_smachup",
			"description": "",
			"collectionId": "0ca53199-f4ab-2354-c952-26ec637c7b55",
			"responses": [],
			"rawModeData": ""
		},
		{
			"id": "d7092ae2-9682-16d8-a179-d763267b63ca",
			"headers": "Content-Type: application/json\n",
			"headerData": [
				{
					"key": "Content-Type",
					"value": "application/json",
					"description": "",
					"enabled": true
				}
			],
			"url": "{{metaverse}}/deleteshop?id=1",
			"queryParams": [
				{
					"key": "id",
					"value": "1",
					"equals": true,
					"description": "",
					"enabled": true
				}
			],
			"preRequestScript": null,
			"pathVariables": {},
			"pathVariableData": [],
			"method": "GET",
			"data": [],
			"dataMode": "raw",
			"tests": null,
			"currentHelper": "normal",
			"helperAttributes": {},
			"time": 1649517322861,
			"name": "deleteshop",
			"description": "",
			"collectionId": "0ca53199-f4ab-2354-c952-26ec637c7b55",
			"responses": [],
			"rawModeData": "{\n\t\"image\":\"ee\"\n}"
		},
		{
			"id": "d78d0d64-8fb4-884a-8df7-910dc0a72951",
			"headers": "Content-Type: application/json\n",
			"headerData": [
				{
					"key": "Content-Type",
					"value": "application/json",
					"description": "",
					"enabled": true
				}
			],
			"url": "{{metaverse}}/deletemetaverse_smachup?id=1",
			"queryParams": [
				{
					"key": "id",
					"value": "1",
					"equals": true,
					"description": "",
					"enabled": true
				}
			],
			"preRequestScript": null,
			"pathVariables": {},
			"pathVariableData": [],
			"method": "GET",
			"data": [],
			"dataMode": "raw",
			"tests": null,
			"currentHelper": "normal",
			"helperAttributes": {},
			"time": 1649817997217,
			"name": "deletemetaverse_smachup",
			"description": "",
			"collectionId": "0ca53199-f4ab-2354-c952-26ec637c7b55",
			"responses": [],
			"rawModeData": ""
		},
		{
			"id": "da38f9c8-68a7-d893-9154-6591a36359e0",
			"headers": "Content-Type: application/json\n",
			"headerData": [
				{
					"key": "Content-Type",
					"value": "application/json",
					"description": "",
					"enabled": true
				}
			],
			"url": "{{metaverse}}/updategrocery_products",
			"queryParams": [],
			"preRequestScript": null,
			"pathVariables": {},
			"pathVariableData": [],
			"method": "POST",
			"data": [],
			"dataMode": "raw",
			"tests": null,
			"currentHelper": "normal",
			"helperAttributes": {},
			"time": 1649782351765,
			"name": "updategrocery_products",
			"description": "",
			"collectionId": "0ca53199-f4ab-2354-c952-26ec637c7b55",
			"responses": [],
			"rawModeData": "{\r\n    \"id\": \"4\",\r\n    \"name\": \"dsf\",\r\n    \"category\": \"\",\r\n    \"product_count\": \"\",\r\n    \"description\": \"\",\r\n    \"off_percentage\": \"\",\r\n    \"mrp\": \"\",\r\n    \"selling_price\": \"\",\r\n    \"quanitity\": \"\",\r\n    \"isAds\": \"\",\r\n    \"Keywords\": \"\",\r\n    \"sellerorgin\": \"\",\r\n    \"sellerprofilrname\": \"\",\r\n    \"manufacturerby\": \"\",\r\n    \"importedby\": \"\",\r\n    \"packedby\": \"\",\r\n    \"genricname\": \"\",\r\n    \"video\": \"\",\r\n    \"local_delivery_charges\": \"\",\r\n    \"zonal_delivery\": \"\",\r\n    \"national_delivery_charges\": \"\",\r\n    \"international_delivery_charges\": \"\",\r\n    \"isTrending\": \"\"\r\n}"
		},
		{
			"id": "e0910e75-09d0-67a5-fba4-f65a74d19abd",
			"headers": "Content-Type: application/json\n",
			"headerData": [
				{
					"key": "Content-Type",
					"value": "application/json",
					"description": "",
					"enabled": true
				}
			],
			"url": "{{metaverse}}/updatecategory",
			"queryParams": [],
			"preRequestScript": null,
			"pathVariables": {},
			"pathVariableData": [],
			"method": "POST",
			"data": [],
			"dataMode": "raw",
			"tests": null,
			"currentHelper": "normal",
			"helperAttributes": {},
			"time": 1649522510599,
			"name": "updatecategory",
			"description": "",
			"collectionId": "0ca53199-f4ab-2354-c952-26ec637c7b55",
			"responses": [],
			"rawModeData": "{\n\t\"id\":1,\n\t\"category\":\"category 1\",\n\t\"image\":\"\"\n}"
		},
		{
			"id": "e5517580-c8f7-99f6-7f86-c7cbe70777a1",
			"headers": "Content-Type: application/json\n",
			"headerData": [
				{
					"key": "Content-Type",
					"value": "application/json",
					"description": "",
					"enabled": true
				}
			],
			"url": "{{metaverse}}/updatepost",
			"queryParams": [],
			"preRequestScript": null,
			"pathVariables": {},
			"pathVariableData": [],
			"method": "POST",
			"data": [],
			"dataMode": "raw",
			"tests": null,
			"currentHelper": "normal",
			"helperAttributes": {},
			"time": 1649782929256,
			"name": "updatepost",
			"description": "",
			"collectionId": "0ca53199-f4ab-2354-c952-26ec637c7b55",
			"responses": [],
			"rawModeData": "{\r\n    \"id\": \"2\",\r\n    \"url\": \"2\",\r\n    \"description\": \"\",\r\n    \"feeling_count\": \"\",\r\n    \"comment_count\": \"\",\r\n    \"username\": \"\", \r\n    \"feeling_icon_urls\": \"\",\r\n    \"view_type\": \"\",\r\n    \"views_count\": \"\",\r\n    \"share_count\": \"\",\r\n    \"like_count\": \"\",\r\n    \"exclude_user\": \"\",\r\n    \"user_id\": \"\"\r\n}"
		},
		{
			"id": "e97dfcdf-b0ca-1f4e-87a9-2db4f40be3c7",
			"headers": "Content-Type: application/json\n",
			"headerData": [
				{
					"key": "Content-Type",
					"value": "application/json",
					"description": "",
					"enabled": true
				}
			],
			"url": "{{metaverse}}/getbuy",
			"queryParams": [],
			"preRequestScript": null,
			"pathVariables": {},
			"pathVariableData": [],
			"method": "GET",
			"data": [],
			"dataMode": "raw",
			"tests": null,
			"currentHelper": "normal",
			"helperAttributes": {},
			"time": 1649694646119,
			"name": "getbuy",
			"description": "",
			"collectionId": "0ca53199-f4ab-2354-c952-26ec637c7b55",
			"responses": [],
			"rawModeData": ""
		},
		{
			"id": "ea264919-abb0-8ca5-9ad2-0e21c6d2502a",
			"headers": "Content-Type: application/json\n",
			"headerData": [
				{
					"key": "Content-Type",
					"value": "application/json",
					"description": "",
					"enabled": true
				}
			],
			"url": "{{metaverse}}/deletecategory_grocery_shop?id=1",
			"queryParams": [
				{
					"key": "id",
					"value": "1",
					"equals": true,
					"description": "",
					"enabled": true
				}
			],
			"preRequestScript": null,
			"pathVariables": {},
			"pathVariableData": [],
			"method": "GET",
			"data": [],
			"dataMode": "raw",
			"tests": null,
			"currentHelper": "normal",
			"helperAttributes": {},
			"time": 1649609849047,
			"name": "deletecategory_grocery_shop",
			"description": "",
			"collectionId": "0ca53199-f4ab-2354-c952-26ec637c7b55",
			"responses": [],
			"rawModeData": ""
		},
		{
			"id": "ed7fea2a-4c20-cdb9-d962-da12a567616e",
			"headers": "Content-Type: application/json\n",
			"headerData": [
				{
					"key": "Content-Type",
					"value": "application/json",
					"description": "",
					"enabled": true
				}
			],
			"url": "{{metaverse}}/getmetaverse_thing_shop",
			"queryParams": [],
			"preRequestScript": null,
			"pathVariables": {},
			"pathVariableData": [],
			"method": "GET",
			"data": [],
			"dataMode": "raw",
			"tests": null,
			"currentHelper": "normal",
			"helperAttributes": {},
			"time": 1649818646369,
			"name": "getmetaverse_thing_shop",
			"description": "",
			"collectionId": "0ca53199-f4ab-2354-c952-26ec637c7b55",
			"responses": [],
			"rawModeData": ""
		},
		{
			"id": "ee96d9aa-5a05-b147-ec64-8bbd2181e791",
			"headers": "",
			"headerData": [],
			"url": "{{metaverse}}/test",
			"queryParams": [],
			"preRequestScript": null,
			"pathVariables": {},
			"pathVariableData": [],
			"method": "GET",
			"data": null,
			"dataMode": "params",
			"version": 2,
			"tests": null,
			"currentHelper": "normal",
			"helperAttributes": {},
			"time": 1649343790646,
			"name": "test",
			"description": "",
			"collectionId": "0ca53199-f4ab-2354-c952-26ec637c7b55",
			"responses": []
		},
		{
			"id": "f056a381-f152-98cf-0974-bd13c52b1912",
			"headers": "Content-Type: application/json\n",
			"headerData": [
				{
					"key": "Content-Type",
					"value": "application/json",
					"description": "",
					"enabled": true
				}
			],
			"url": "{{metaverse}}/updatemetaverse_thing_shop",
			"queryParams": [],
			"preRequestScript": null,
			"pathVariables": {},
			"pathVariableData": [],
			"method": "POST",
			"data": [],
			"dataMode": "raw",
			"tests": null,
			"currentHelper": "normal",
			"helperAttributes": {},
			"time": 1649819022945,
			"name": "updatemetaverse_thing_shop",
			"description": "",
			"collectionId": "0ca53199-f4ab-2354-c952-26ec637c7b55",
			"responses": [],
			"rawModeData": " {\n            \"id\": 1,\n            \"name\": \"dss\",\n            \"description\": \"dsds\",\n            \"mrp\": 4,\n            \"product_count\": 4,\n            \"seeling_prise\": 4,\n            \"rating\": 4,\n            \"modle_3d\": \"qq4\",\n            \"off_percentage\": 4,\n            \"Keywords_sellerorgin\": null,\n            \"sellerprofilrname\": null,\n            \"manufacturerby\": null,\n            \"importedby\": null,\n            \"packedby\": null,\n            \"genricname\": null\n        }"
		},
		{
			"id": "f6590226-d577-3f69-c15c-cb6479477bbc",
			"headers": "enctype: multipart/form-data\n",
			"headerData": [
				{
					"key": "enctype",
					"value": "multipart/form-data",
					"description": "",
					"enabled": true
				}
			],
			"url": "{{metaverse}}/upload-profile-pic",
			"queryParams": [],
			"preRequestScript": null,
			"pathVariables": {},
			"pathVariableData": [],
			"method": "POST",
			"data": [
				{
					"key": "file",
					"value": "Capture.PNG",
					"description": "",
					"type": "file",
					"enabled": true
				}
			],
			"dataMode": "params",
			"version": 2,
			"tests": null,
			"currentHelper": "normal",
			"helperAttributes": {},
			"time": 1649483542906,
			"name": "fileupload",
			"description": "",
			"collectionId": "0ca53199-f4ab-2354-c952-26ec637c7b55",
			"responses": []
		},
		{
			"id": "f6620d4a-5532-ee32-21ed-d26d34cf4af2",
			"headers": "Content-Type: application/json\n",
			"headerData": [
				{
					"key": "Content-Type",
					"value": "application/json",
					"description": "",
					"enabled": true
				}
			],
			"url": "{{metaverse}}/profilebyid?id=1",
			"queryParams": [
				{
					"key": "id",
					"value": "1",
					"equals": true,
					"description": "",
					"enabled": true
				}
			],
			"preRequestScript": null,
			"pathVariables": {},
			"pathVariableData": [],
			"method": "GET",
			"data": [],
			"dataMode": "raw",
			"version": 2,
			"tests": null,
			"currentHelper": "normal",
			"helperAttributes": {},
			"time": 1649349627597,
			"name": "profilebyid",
			"description": "",
			"collectionId": "0ca53199-f4ab-2354-c952-26ec637c7b55",
			"responses": [],
			"rawModeData": "{\n\t\"username\":\"test@gmail.com\",\n\t\"password\":12345\n}"
		},
		{
			"id": "f6cdcc41-f1ea-3ce0-fe3f-643f64bf8bfd",
			"headers": "Content-Type: application/json\n",
			"headerData": [
				{
					"key": "Content-Type",
					"value": "application/json",
					"description": "",
					"enabled": true
				}
			],
			"url": "{{metaverse}}/getmetaverse_shop?isAds=1&name=",
			"queryParams": [
				{
					"key": "isAds",
					"value": "1",
					"equals": true,
					"description": "",
					"enabled": true
				},
				{
					"key": "name",
					"value": "",
					"equals": true,
					"description": "",
					"enabled": true
				}
			],
			"preRequestScript": null,
			"pathVariables": {},
			"pathVariableData": [],
			"method": "GET",
			"data": [],
			"dataMode": "raw",
			"tests": null,
			"currentHelper": "normal",
			"helperAttributes": {},
			"time": 1649643996361,
			"name": "getmetaverse_shop",
			"description": "",
			"collectionId": "0ca53199-f4ab-2354-c952-26ec637c7b55",
			"responses": [],
			"rawModeData": ""
		},
		{
			"id": "f7a3fc03-422d-e8dd-cda1-3584070e8c39",
			"headers": "Content-Type: application/json\n",
			"headerData": [
				{
					"key": "Content-Type",
					"value": "application/json",
					"description": "",
					"enabled": true
				}
			],
			"url": "{{metaverse}}/deletemovies?id=1",
			"queryParams": [
				{
					"key": "id",
					"value": "1",
					"equals": true,
					"description": "",
					"enabled": true
				}
			],
			"preRequestScript": null,
			"pathVariables": {},
			"pathVariableData": [],
			"method": "GET",
			"data": [],
			"dataMode": "raw",
			"tests": null,
			"currentHelper": "normal",
			"helperAttributes": {},
			"time": 1649521944899,
			"name": "deletemovies",
			"description": "",
			"collectionId": "0ca53199-f4ab-2354-c952-26ec637c7b55",
			"responses": [],
			"rawModeData": ""
		},
		{
			"id": "f7af43d9-ab34-4c74-2c78-63591c7f380a",
			"headers": "Content-Type: application/json\n",
			"headerData": [
				{
					"key": "Content-Type",
					"value": "application/json",
					"description": "",
					"enabled": true
				}
			],
			"url": "{{metaverse}}/addfeeling_image",
			"queryParams": [],
			"preRequestScript": null,
			"pathVariables": {},
			"pathVariableData": [],
			"method": "POST",
			"data": [],
			"dataMode": "raw",
			"tests": null,
			"currentHelper": "normal",
			"helperAttributes": {},
			"time": 1649523271298,
			"name": "addfeeling_image",
			"description": "",
			"collectionId": "0ca53199-f4ab-2354-c952-26ec637c7b55",
			"responses": [],
			"rawModeData": "{\n\t\"image\":\"ee\",\n\t\"name\":\"\"\n}"
		}
	]
}